"DESCRIPTION","DURATION IN MS","NAME","PARENT SUITE","START TIME","STATUS","STOP TIME","SUB SUITE","SUITE","TEST CLASS","TEST METHOD"
"","281","returns 200 with a token for valid credentials","api","2026-09-27","passed","2026-09-27","reqres.in REST API > POST /api/login","api/users.spec.ts","",""
"","1755","completes full purchase from product selection to confirmation","e2e:firefox","2026-09-27","passed","2026-09-27","Checkout flow","e2e/checkout/checkout.spec.ts","",""
"","1627","sorts products alphabetically A to Z","e2e:firefox","2026-09-27","passed","2026-09-27","Products page","e2e/products/products.spec.ts","",""
"","886","shows validation error when shipping form fields are missing","e2e","2026-09-27","passed","2026-09-27","Checkout flow","e2e/checkout/checkout.spec.ts","",""
"","143","returns 400 with error message when password is missing","api","2026-09-27","passed","2026-09-27","reqres.in REST API > POST /api/login","api/users.spec.ts","",""
"","168","returns 400 with error message when required fields are missing","api","2026-09-27","passed","2026-09-27","reqres.in REST API > POST /api/register","api/users.spec.ts","",""
"","445","returns 200 with correct data for an existing user (id 2)","api","2026-09-27","passed","2026-09-27","reqres.in REST API > GET /api/users/:id","api/users.spec.ts","",""
"","1421","removes an item from the cart and reflects the empty state","e2e:firefox","2026-09-27","passed","2026-09-27","Checkout flow","e2e/checkout/checkout.spec.ts","",""
"","1375","displays all 6 products for standard_user","e2e:firefox","2026-09-27","passed","2026-09-27","Products page","e2e/products/products.spec.ts","",""
"","689","shows error when both username and password are empty","e2e","2026-09-27","passed","2026-09-27","Authentication","e2e/auth/login.spec.ts","",""
"","757","shows error for locked_out_user","e2e","2026-09-27","passed","2026-09-27","Authentication","e2e/auth/login.spec.ts","",""
"","150","returns 204 with no response body","api","2026-09-27","passed","2026-09-27","reqres.in REST API > DELETE /api/users/:id","api/users.spec.ts","",""
"","1763","displays correct price totals on the order overview","e2e:firefox","2026-09-27","passed","2026-09-27","Checkout flow","e2e/checkout/checkout.spec.ts","",""
"","287","updates a user and returns 200 with updatedAt timestamp","api","2026-09-27","passed","2026-09-27","reqres.in REST API > PUT /api/users/:id","api/users.spec.ts","",""
"","771","allows navigating to checkout from an empty cart","e2e","2026-09-27","passed","2026-09-27","Checkout flow","e2e/checkout/checkout.spec.ts","",""
"","1012","displays correct price totals on the order overview","e2e","2026-09-27","passed","2026-09-27","Checkout flow","e2e/checkout/checkout.spec.ts","",""
"","826","removes an item from the cart and reflects the empty state","e2e","2026-09-27","passed","2026-09-27","Checkout flow","e2e/checkout/checkout.spec.ts","",""
"","273","returns 404 with empty body for a non-existent user (id 9999)","api","2026-09-27","passed","2026-09-27","reqres.in REST API > GET /api/users/:id","api/users.spec.ts","",""
"","905","shows error when username is provided but password is empty","e2e:firefox","2026-09-27","passed","2026-09-27","Authentication","e2e/auth/login.spec.ts","",""
"","749","returns paginated list with correct metadata and valid user schema on every item","api","2026-09-27","passed","2026-09-27","reqres.in REST API > GET /api/users","api/users.spec.ts","",""
"","1483","shows validation error when shipping form fields are missing","e2e:firefox","2026-09-27","passed","2026-09-27","Checkout flow","e2e/checkout/checkout.spec.ts","",""
"","2348","shows error for locked_out_user","e2e:firefox","2026-09-27","passed","2026-09-27","Authentication","e2e/auth/login.spec.ts","",""
"","762","authenticate once and save session state","setup","2026-09-27","passed","2026-09-27","","global.setup.ts","",""
"","742","updates cart badge count when adding multiple products","e2e","2026-09-27","passed","2026-09-27","Products page","e2e/products/products.spec.ts","",""
"","933","shows error when both username and password are empty","e2e:firefox","2026-09-27","passed","2026-09-27","Authentication","e2e/auth/login.spec.ts","",""
"","720","shows error when password does not match","e2e","2026-09-27","passed","2026-09-27","Authentication","e2e/auth/login.spec.ts","",""
"","278","creates a new user and returns 201 with id and createdAt","api","2026-09-27","passed","2026-09-27","reqres.in REST API > POST /api/users","api/users.spec.ts","",""
"","1090","completes full purchase from product selection to confirmation","e2e","2026-09-27","passed","2026-09-27","Checkout flow","e2e/checkout/checkout.spec.ts","",""
"","769","displays all 6 products for standard_user","e2e","2026-09-27","passed","2026-09-27","Products page","e2e/products/products.spec.ts","",""
"","637","shows error when username is provided but password is empty","e2e","2026-09-27","passed","2026-09-27","Authentication","e2e/auth/login.spec.ts","",""
"","774","sorts products alphabetically A to Z","e2e","2026-09-27","passed","2026-09-27","Products page","e2e/products/products.spec.ts","",""
"","2518","logs in with valid credentials and redirects to inventory","e2e:firefox","2026-09-27","passed","2026-09-27","Authentication","e2e/auth/login.spec.ts","",""
"","1068","logs in with valid credentials and redirects to inventory","e2e","2026-09-27","passed","2026-09-27","Authentication","e2e/auth/login.spec.ts","",""
"","1672","sorts products by price from lowest to highest","e2e:firefox","2026-09-27","passed","2026-09-27","Products page","e2e/products/products.spec.ts","",""
"","898","shows error when password does not match","e2e:firefox","2026-09-27","passed","2026-09-27","Authentication","e2e/auth/login.spec.ts","",""
"","1337","updates cart badge count when adding multiple products","e2e:firefox","2026-09-27","passed","2026-09-27","Products page","e2e/products/products.spec.ts","",""
"","767","sorts products by price from lowest to highest","e2e","2026-09-27","passed","2026-09-27","Products page","e2e/products/products.spec.ts","",""
"","1626","allows navigating to checkout from an empty cart","e2e:firefox","2026-09-27","passed","2026-09-27","Checkout flow","e2e/checkout/checkout.spec.ts","",""
